,pixel0000,pixel0001,pixel0002,pixel0003,pixel0004,pixel0005,pixel0006,pixel0007,pixel0008,pixel0009
0,-0.18039246503993223,0.127896959532279,-0.004892058981939342,-0.17814105186063395,0.2790135615438794,0.10881587458708059,-0.1441396433631358,0.36457889730909054,0.21183111816961692,-0.10535760564507679
1,-0.5838218416334056,-0.2250675163719952,-0.234943805761259,-0.5231536557793918,0.04478617440102881,0.022724482416488802,-0.5058199207974144,0.16509865138645274,0.14095181715660404,-0.522375668969245
2,0.09942981923291871,0.017732142755908648,0.032949594022589054,0.09081834059015777,-0.03529306753092021,-0.014490323713842469,0.08487768414786605,-0.06083186349461131,-0.04156175944373453,0.08311746258656309
