,pixel0000,pixel0001,pixel0002,pixel0003,pixel0004,pixel0005,pixel0006,pixel0007,pixel0008,pixel0009
0,0.7547987113409633,0.9301838177359265,0.9419810035451353,0.7419770425246468,0.9197360716078009,0.9456724373231601,0.714081856623108,0.8522548612961608,0.9017154878623443,0.7089253687817543
1,1.1355088583296402,1.3045074166119548,1.2776999001398188,0.9989931328684212,1.1436080029244966,1.136314282170324,0.9524447029103343,1.0375170824740183,1.0408881513154338,0.9534871346332615
2,0.9718376375920814,0.9529057365836459,0.9568638117052495,0.9988488853609536,0.9817347512366179,0.9844690458855607,1.00951883029037,0.998269092990516,0.9993508801737343,1.009244444292358
